codice, titolo, autore, mese, anno
P001,Tramonto sul mare,Elena Conti,7,2019
P002,Montagne innevate,Marco Bruni,1,2021
P003,Ritratto di famiglia,Giulia Ferri,12,2021
P004,Cascata nella foresta,Marco Bruni,6,2022
P005,Città di notte,Sara Longo,9,2022
P006,Fiori di ciliegio,Elena Conti,4,2023
P007,Deserto al tramonto,Luca Neri,10,2023
P008,Neve sulle Alpi,Marco Bruni,2,2024
P009,Spiaggia deserta,Sara Longo,8,2024
P010,Aurora boreale,Giulia Ferri,11,2024
P011,Vecchio faro,Luca Neri,5,2019
P012,Barche nel porto,Elena Conti,7,2021
P013,Campo di lavanda,Sara Longo,6,2022
P014,Ponte di pietra,Marco Bruni,3,2023
P015,Cielo stellato,Luca Neri,8,2024
P018,Aura,Piombo,12,1921
P016,Aura,Piombo,12,1492
P017,Boh,Bob,3,2000
P020,Good,Joe,5,1992
P023,f,f,2,2021
P025, Alone, Io, 2, 2026